name,datetime,tempmax,tempmin,temp,feelslikemax,feelslikemin,feelslike,dew,humidity,precip,precipprob,precipcover,preciptype,snow,snowdepth,windgust,windspeed,winddir,sealevelpressure,cloudcover,visibility,solarradiation,solarenergy,uvindex,severerisk,sunrise,sunset,moonphase,conditions,description,icon,stations
istanbul,2024-06-01,30.1,19,24.4,29,19,24.2,14,55.2,0,0,0,,0,0,25.6,10.3,235.6,1016.8,0.3,11.2,346,29.8,9,,2024-06-01T05:34:00,2024-06-01T20:30:24,0.82,Clear,Clear conditions throughout the day.,clear-day,"D8508,LTBA,17063099999,17119099999,17061099999,17064099999,17060099999"
istanbul,2024-06-02,30.5,20.2,25.4,30.5,20.2,25.3,14.4,51.8,0,0,0,,0,0,22.7,14.5,256.6,1016.6,11.8,11.3,326,28.1,9,,2024-06-02T05:33:35,2024-06-02T20:31:07,0.85,Clear,Clear conditions throughout the day.,clear-day,"LTBA,17063099999,17119099999,17061099999,17064099999,17060099999"
istanbul,2024-06-03,33.4,20.7,26.8,34.3,20.7,26.9,15.8,52.2,0,0,0,,0,0,29.9,15.1,41.7,1014.4,10.4,10.8,328.5,28.5,9,,2024-06-03T05:33:12,2024-06-03T20:31:49,0.89,Clear,Clear conditions throughout the day.,clear-day,"LTBA,17063099999,17119099999,17061099999,17064099999,17060099999"
istanbul,2024-06-04,32.5,21.7,26.7,33.1,21.7,27.1,17,56.2,0,0,0,,0,0,23,12.4,336.5,1010.4,13.8,10.5,239.8,20.7,8,,2024-06-04T05:32:51,2024-06-04T20:32:30,0.92,Clear,Clear conditions throughout the day.,clear-day,"D8508,LTBA,17063099999,17119099999,17061099999,17064099999,17060099999,LTFJ"
istanbul,2024-06-05,32.1,22.9,27.1,32.1,22.9,27.3,16.8,55.4,0,0,0,,0,0,31,15.7,18.3,1012.2,4.6,11,262.9,22.6,9,,2024-06-05T05:32:32,2024-06-05T20:33:09,0.96,Clear,Clear conditions throughout the day.,clear-day,"D8508,LTBA,17063099999,17119099999,17061099999,17064099999,17060099999"
istanbul,2024-06-06,30.4,22.8,25.8,31.2,22.8,26.2,16.5,57.4,0,0,0,,0,0,36.4,20.2,41.3,1014.2,35.9,10.9,211.7,18.4,8,,2024-06-06T05:32:15,2024-06-06T20:33:47,0,Partially cloudy,Partly cloudy throughout the day.,partly-cloudy-day,"D8508,LTBA,17063099999,17119099999,17061099999,17064099999,17060099999"
istanbul,2024-06-07,30.2,21.8,25.2,30.5,21.8,25.5,17.6,64.1,0,0,0,,0,0,40.3,24.4,50.6,1015.4,31.1,11.2,228.1,19.7,8,,2024-06-07T05:32:01,2024-06-07T20:34:23,0.03,Partially cloudy,Partly cloudy throughout the day.,partly-cloudy-day,"D8508,LTBA,17063099999,17119099999,17061099999,17064099999,17060099999"
istanbul,2024-06-08,29,21,24.4,29.5,21,24.5,17.8,68.1,0,0,0,,0,0,40.7,23.5,45.4,1012.5,24.8,11.3,289.4,25.2,9,,2024-06-08T05:31:48,2024-06-08T20:34:58,0.06,Partially cloudy,Partly cloudy throughout the day.,partly-cloudy-day,"D8508,LTBA,17063099999,17119099999,17061099999,17064099999,17060099999"
istanbul,2024-06-09,30,20.6,24.9,30.1,20.6,25.1,17.8,66.6,0,0,0,,0,0,33.1,18.1,49.9,1011.3,10.4,11.1,261.8,22.7,9,,2024-06-09T05:31:37,2024-06-09T20:35:31,0.09,Clear,Clear conditions throughout the day.,clear-day,"D8508,LTBA,17063099999,17119099999,17061099999,17064099999,17060099999"
istanbul,2024-06-10,29.3,20.7,25,30.8,20.7,25.4,18.6,68.3,0,0,0,,0,0,24,15.1,352.6,1010.7,19.2,10.9,253.8,22.1,9,,2024-06-10T05:31:28,2024-06-10T20:36:03,0.12,Clear,Clear conditions throughout the day.,clear-day,"D8508,LTBA,17063099999,17119099999,17061099999,17064099999,17060099999"
istanbul,2024-06-11,34.7,22.3,28.2,34.6,22.3,28.2,17.5,55.7,0,0,0,,0,0,26.6,13.6,247.1,1009,14.3,11.3,240.9,20.5,8,,2024-06-11T05:31:21,2024-06-11T20:36:33,0.16,Clear,Clear conditions throughout the day.,clear-day,"D8508,LTBA,17063099999,17119099999,17061099999,17064099999,17060099999"
istanbul,2024-06-12,33.8,24.8,28.4,36.4,24.8,29.6,19.5,59.3,0,0,0,,0,0,31.3,19.2,343.9,1011,3.7,11.2,324.1,27.9,9,,2024-06-12T05:31:16,2024-06-12T20:37:01,0.19,Clear,Clear conditions throughout the day.,clear-day,"D8508,LTBA,17063099999,17119099999,17061099999,17064099999,17060099999"
istanbul,2024-06-13,31.7,24.2,27.9,33.4,24.2,29.5,20.5,64.7,0,0,0,,0,0,27.4,19.4,1.7,1011.9,28.3,10.8,227.7,19.8,8,,2024-06-13T05:31:13,2024-06-13T20:37:28,0.22,Partially cloudy,Partly cloudy throughout the day.,partly-cloudy-day,"D8508,LTBA,17063099999,17119099999,17061099999,17064099999,17060099999"
istanbul,2024-06-14,32.1,20,26.1,33.9,20,26.9,19.6,68.3,2.719,100,4.17,rain,0,0,46.8,31.2,29.4,1009,62.9,11.1,182.8,15.9,7,,2024-06-14T05:31:13,2024-06-14T20:37:53,0.25,"Rain, Partially cloudy",Partly cloudy throughout the day with late afternoon rain.,rain,"D8508,LTBA,17063099999,17119099999,17061099999,17064099999,17060099999"
istanbul,2024-06-15,26.6,19.2,22.5,26.6,19.2,22.5,15.9,67.4,3.47,100,8.33,rain,0,0,29.2,16.3,351.5,1012.1,38.4,11.2,199.2,17.3,10,,2024-06-15T05:31:14,2024-06-15T20:38:17,0.29,"Rain, Partially cloudy",Partly cloudy throughout the day with rain clearing later.,rain,"D8508,LTBA,17063099999,17119099999,17061099999,17064099999,17060099999,LTFJ"
istanbul,2024-06-16,30,19.4,24.4,29,19.4,24.4,14.5,55.2,0,0,0,,0,0,30.2,17.9,61.1,1011.5,10,11.3,258.1,22.3,9,,2024-06-16T05:31:17,2024-06-16T20:38:38,0.32,Clear,Clear conditions throughout the day.,clear-day,"D8508,LTBA,17063099999,17119099999,17061099999,17064099999,17060099999"
istanbul,2024-06-17,31.1,20.9,25.7,30.1,20.9,25.6,14.2,50,0,0,0,,0,0,34.9,19.8,50.2,1013.8,0.3,11.3,351.8,30.3,9,,2024-06-17T05:31:22,2024-06-17T20:38:58,0.35,Clear,Clear conditions throughout the day.,clear-day,"D8508,LTBA,17063099999,17119099999,17061099999,17064099999,17060099999"
istanbul,2024-06-18,31.3,20.8,25.5,31.6,20.8,25.8,17.4,62.1,0,0,0,,0,0,45.7,26.4,50.5,1016,4.4,11.4,253.4,22,9,,2024-06-18T05:31:29,2024-06-18T20:39:16,0.38,Clear,Clear conditions throughout the day.,clear-day,"D8508,LTBA,17063099999,17119099999,17061099999,17064099999,17060099999"
istanbul,2024-06-19,30.2,21.9,25.5,30,21.9,25.7,18.4,67,0,0,0,,0,0,47.2,28.8,46.1,1016.6,7.4,11.3,263.7,22.9,9,,2024-06-19T05:31:37,2024-06-19T20:39:32,0.41,Clear,Clear conditions throughout the day.,clear-day,"D8508,LTBA,17063099999,17119099999,17061099999,17064099999,17060099999"
istanbul,2024-06-20,31.1,21.8,25.9,31.6,21.8,26.2,19,68.2,0,0,0,,0,0,43.9,24.2,46.7,1015.1,9.7,11.3,257.6,22.2,9,,2024-06-20T05:31:48,2024-06-20T20:39:47,0.45,Clear,Clear conditions throughout the day.,clear-day,"D8508,LTBA,17063099999,17119099999,17061099999,17064099999,17060099999"
istanbul,2024-06-21,30.4,22.9,26,32.5,22.9,26.8,19.9,69.9,0,0,0,,0,0,48.6,28.3,39.7,1015.3,14.8,11.1,265.8,23,10,,2024-06-21T05:32:01,2024-06-21T20:39:59,0.48,Clear,Clear conditions throughout the day.,clear-day,"D8508,LTBA,17063099999,17119099999,17061099999,17064099999,17060099999"
istanbul,2024-06-22,28.4,21.8,24.6,28.7,21.8,24.7,17.9,67.4,0,0,0,,0,0,50.4,28.5,46.3,1011.6,30.3,11.3,222.9,19.4,10,,2024-06-22T05:32:15,2024-06-22T20:40:09,0.5,Partially cloudy,Partly cloudy throughout the day.,partly-cloudy-day,"D8508,LTBA,17063099999,17119099999,17061099999,17064099999,17060099999"
istanbul,2024-06-23,28.9,20.6,24.5,29.3,20.6,24.5,17,64.3,0,0,0,,0,0,48.6,30.9,46.4,1008.5,9.1,11.3,257.2,22.2,9,,2024-06-23T05:32:31,2024-06-23T20:40:18,0.55,Clear,Clear conditions throughout the day.,clear-day,"D8508,LTBA,17063099999,17119099999,17061099999,17064099999,17060099999"
istanbul,2024-06-24,28.7,21.4,24.5,29.9,21.4,24.8,18.9,71.4,0,0,0,,0,0,40.7,23.5,45.8,1009.5,50.7,11.3,121.9,10.7,5,,2024-06-24T05:32:49,2024-06-24T20:40:24,0.58,Partially cloudy,Partly cloudy throughout the day.,partly-cloudy-day,"D8508,LTBA,17063099999,17119099999,17061099999,17064099999,17060099999"
istanbul,2024-06-25,30.3,21.1,25.1,31.5,21.1,25.7,19.2,71.2,0,0,0,,0,0,48.6,29.9,51.7,1013,25.3,11.3,190.4,16.6,9,,2024-06-25T05:33:09,2024-06-25T20:40:29,0.62,Partially cloudy,Partly cloudy throughout the day.,partly-cloudy-day,"D8508,LTBA,17063099999,17119099999,17061099999,17064099999,17060099999"
istanbul,2024-06-26,29.6,21,24.9,29.7,21,25,17.5,64.9,0,0,0,,0,0,46.1,27.2,48.1,1015,19.2,11.3,255.2,22.2,9,,2024-06-26T05:33:31,2024-06-26T20:40:32,0.66,Clear,Clear conditions throughout the day.,clear-day,"D8508,LTBA,17063099999,17119099999,17061099999,17064099999,17060099999"
istanbul,2024-06-27,29.2,20.8,24.6,29.2,20.8,24.6,16.6,62.8,0,0,0,,0,0,42.1,29,52.4,1011.9,7.7,11.1,228,19.9,9,,2024-06-27T05:33:54,2024-06-27T20:40:32,0.69,Clear,Clear conditions throughout the day.,clear-day,"D8508,LTBA,17063099999,17119099999,17061099999,17064099999,17060099999,LTFJ"
istanbul,2024-06-28,28.7,20.9,24.5,29.4,20.9,24.6,17.7,67,0,0,0,,0,0,50.4,37.5,46.9,1009.3,28.2,11,199.3,17.2,9,,2024-06-28T05:34:19,2024-06-28T20:40:31,0.73,Partially cloudy,Partly cloudy throughout the day.,partly-cloudy-day,"D8508,LTBA,17063099999,17119099999,17061099999,17064099999,17060099999,LTFJ"
istanbul,2024-06-29,29.2,22.8,25.4,29.1,22.8,25.5,18.1,65.6,0,0,0,,0,0,57.6,38.5,46.1,1012.4,34.7,10.9,218.1,18.8,10,,2024-06-29T05:34:45,2024-06-29T20:40:27,0.75,Partially cloudy,Partly cloudy throughout the day.,partly-cloudy-day,"D8508,LTBA,17063099999,17119099999,17061099999,17064099999,17060099999,LTFJ"
istanbul,2024-06-30,31.1,22,26.2,30.4,22,26.3,18.1,63.5,0,0,0,,0,0,37.4,26.7,43.2,1013.5,20,11,239.8,20.8,9,,2024-06-30T05:35:13,2024-06-30T20:40:21,0.8,Clear,Partly cloudy throughout the day.,clear-day,"D8508,LTBA,17063099999,17119099999,17061099999,17064099999,17060099999"
istanbul,2024-07-01,30.4,21,25.7,30,21,25.9,18.6,67.5,0,0,0,,0,0,39.6,27.2,53.2,1011.7,13.7,11,207.9,17.9,9,,2024-07-01T05:35:43,2024-07-01T20:40:14,0.84,Clear,Clear conditions throughout the day.,clear-day,"D8508,LTBA,17063099999,17119099999,17061099999,17064099999,17060099999,LTFJ"
istanbul,2024-07-02,30.5,21.9,26.3,32.2,21.9,27.1,19.6,68.3,0,0,0,,0,0,32.4,19.6,27,1006.1,10.2,11,250.3,21.6,9,,2024-07-02T05:36:14,2024-07-02T20:40:04,0.87,Clear,Clear conditions throughout the day.,clear-day,"D8508,LTBA,17063099999,17119099999,17061099999,17064099999,17060099999"
istanbul,2024-07-03,31.5,22.8,26.7,33.4,22.8,27.5,18.7,61.9,0,0,0,,0,0,35.6,28.7,30.7,1000.2,46.9,10.9,185.6,16.1,9,,2024-07-03T05:36:46,2024-07-03T20:39:52,0.91,Partially cloudy,Partly cloudy throughout the day.,partly-cloudy-day,"17068099999,D8508,LTBA,17063099999,17119099999,17061099999,17022399999,17064099999,17060099999,VRTU9,LTFJ"
istanbul,2024-07-04,27.3,23.2,25,28.6,23.2,25.2,20.2,75.1,0.133,100,8.33,rain,0,0,32.4,24.2,16.9,1004.6,81.4,10.8,58.7,5,4,,2024-07-04T05:37:21,2024-07-04T20:39:39,0.94,"Rain, Partially cloudy",Partly cloudy throughout the day with rain.,rain,"17068099999,D8508,LTBA,17063099999,17119099999,17061099999,17022399999,17064099999,17060099999,VRTU9,LTFJ"
istanbul,2024-07-05,27.9,20.8,24.4,28.6,20.8,24.5,18.7,71.8,4.331,100,12.5,rain,0,0,41.4,26.1,25.3,1011.4,55.3,10.8,189.3,16.5,7,,2024-07-05T05:37:56,2024-07-05T20:39:23,0.98,"Rain, Partially cloudy",Partly cloudy throughout the day with a chance of rain throughout the day.,rain,"17068099999,D8508,LTBA,17063099999,17119099999,17061099999,17022399999,17064099999,17060099999,LTFJ"
istanbul,2024-07-06,30.1,20.5,25.1,30.3,20.5,25.4,18.5,68.6,0.029,100,4.17,rain,0,0,61.2,33.7,50.9,1014.6,38.4,10.9,189.8,16.4,9,,2024-07-06T05:38:33,2024-07-06T20:39:05,0,"Rain, Partially cloudy",Partly cloudy throughout the day with late afternoon rain.,rain,"17068099999,D8508,LTBA,17063099999,17119099999,17061099999,17064099999,17060099999,LTFJ"
istanbul,2024-07-07,31.3,22.9,26.7,31.5,22.9,27.3,19.3,65.7,0,0,0,,0,0,45.4,28.9,41.2,1013.6,18.7,10.9,240.5,20.9,9,,2024-07-07T05:39:11,2024-07-07T20:38:45,0.05,Clear,Clear conditions throughout the day.,clear-day,"17068099999,D8508,LTBA,17063099999,17119099999,17061099999,17064099999,17060099999,LTFJ"
istanbul,2024-07-08,31.6,23.5,27.1,33.9,23.5,28.4,21.5,72.9,0,0,0,,0,0,48.2,27.9,39.5,1011.9,25.2,10.7,207,18,10,,2024-07-08T05:39:50,2024-07-08T20:38:23,0.08,Partially cloudy,Partly cloudy throughout the day.,partly-cloudy-day,"17068099999,D8508,LTBA,17063099999,17119099999,17061099999,17022399999,17064099999,17060099999,LTFJ"
istanbul,2024-07-09,32.9,24.8,28.3,37.7,24.8,30.3,22.3,71.8,0,0,0,,0,0,40,28.8,38.6,1011.5,26.4,10.8,234.3,20.1,8,,2024-07-09T05:40:31,2024-07-09T20:37:59,0.11,Partially cloudy,Clearing in the afternoon.,partly-cloudy-day,"17068099999,D8508,LTBA,17063099999,17119099999,17061099999,17022399999,17064099999,17060099999,LTFJ"
istanbul,2024-07-10,33.8,25,28.6,37.2,25,30.9,22.6,71.5,0,0,0,,0,0,32.4,26.4,19.9,1010.9,47,10.6,217.3,18.8,10,,2024-07-10T05:41:13,2024-07-10T20:37:33,0.14,Partially cloudy,Partly cloudy throughout the day.,partly-cloudy-day,"17068099999,D8508,LTBA,17063099999,17119099999,17061099999,17022399999,17064099999,17060099999,LTFJ"
istanbul,2024-07-11,28.5,25.9,26.9,32.4,25.9,28.6,22.7,77.7,0.932,100,12.5,rain,0,0,35.3,17.6,356.7,1010.8,77.4,10.9,103.9,9.1,9,,2024-07-11T05:41:56,2024-07-11T20:37:05,0.18,"Rain, Partially cloudy",Partly cloudy throughout the day with a chance of rain throughout the day.,rain,"17068099999,D8508,LTBA,17063099999,17119099999,17061099999,17022399999,17064099999,17060099999,LTFJ"
istanbul,2024-07-12,31.9,24.8,27.5,34.8,24.8,29.2,22.4,75.1,0,0,0,,0,0,40.7,26.7,32.7,1010.3,55.4,10.5,218.5,18.9,9,,2024-07-12T05:42:40,2024-07-12T20:36:35,0.21,Partially cloudy,Partly cloudy throughout the day.,partly-cloudy-day,"17068099999,D8508,LTBA,17063099999,17119099999,17061099999,17022399999,17064099999,17060099999,LTFJ"
istanbul,2024-07-13,32.1,24.3,27.8,35.5,24.3,30,22.7,75,0,0,0,,0,0,42.5,34.1,35.9,1008.6,35.8,10.4,235.7,20.3,8,,2024-07-13T05:43:25,2024-07-13T20:36:03,0.24,Partially cloudy,Partly cloudy throughout the day.,partly-cloudy-day,"17068099999,D8508,LTBA,17063099999,17119099999,17061099999,17064099999,17060099999,LTFJ"
istanbul,2024-07-14,32.5,24.6,28.1,34,24.6,28.9,20.1,64.2,0,0,0,,0,0,38.9,31.4,40.4,1009.8,19.9,11.1,205.5,17.8,9,,2024-07-14T05:44:11,2024-07-14T20:35:29,0.25,Clear,Clear conditions throughout the day.,clear-day,"17068099999,D8508,LTBA,17063099999,17119099999,17061099999,17064099999,17060099999,LTFJ"
istanbul,2024-07-15,33.1,23.5,28.1,34,23.5,28.9,19.5,62.5,0,0,0,,0,0,41,26.4,41.9,1009.7,23.3,11,237.3,20.5,9,,2024-07-15T05:44:58,2024-07-15T20:34:53,0.3,Partially cloudy,Partly cloudy throughout the day.,partly-cloudy-day,"D8508,LTBA,17063099999,17119099999,17061099999,17064099999,17060099999,LTFJ"
istanbul,2024-07-16,34.6,24.4,28.9,34.2,24.4,30,20.4,63.7,0,0,0,,0,0,43.6,27.2,44.2,1009.1,44.4,11,229,19.8,10,,2024-07-16T05:45:46,2024-07-16T20:34:15,0.34,Partially cloudy,Partly cloudy throughout the day.,partly-cloudy-day,"D8508,LTBA,17063099999,17119099999,17061099999,17022399999,17064099999,17060099999,LTFJ"
istanbul,2024-07-17,35.3,26,29.7,38.5,26,32.1,22.1,66.6,0,0,0,,0,0,40.7,22.5,38.5,1010.4,30,10.7,212,18.4,9,,2024-07-17T05:46:35,2024-07-17T20:33:36,0.37,Partially cloudy,Partly cloudy throughout the day.,partly-cloudy-day,"D8508,LTBA,17063099999,17119099999,17061099999,17022399999,17064099999,17060099999,LTFJ"
istanbul,2024-07-18,36.1,26.5,30.2,40.6,26.5,33.5,22.5,66.3,0,0,0,,0,0,39.6,26.9,39.3,1011.6,19.1,10.7,218.7,18.9,8,,2024-07-18T05:47:25,2024-07-18T20:32:54,0.4,Clear,Clear conditions throughout the day.,clear-day,"D8508,LTBA,17063099999,17119099999,17061099999,17022399999,17064099999,17060099999,LTFJ"
istanbul,2024-07-19,33.9,26.5,29.4,39.6,26.5,33.3,23.6,71.7,0,0,0,,0,0,43.2,31.9,32.7,1011.4,25.3,11,221.3,19.1,9,,2024-07-19T05:48:16,2024-07-19T20:32:10,0.43,Partially cloudy,Partly cloudy throughout the day.,partly-cloudy-day,"D8508,LTBA,17063099999,17119099999,17061099999,17064099999,17060099999,LTFJ"
istanbul,2024-07-20,34.6,25.7,29.4,37.6,25.7,32.3,22.6,68.6,0,0,0,,0,0,39.2,26.8,42.7,1008.9,36.1,10.9,219.9,19,8,,2024-07-20T05:49:07,2024-07-20T20:31:25,0.47,Partially cloudy,Clearing in the afternoon.,partly-cloudy-day,"17068099999,D8508,LTBA,17063099999,17119099999,17061099999,17064099999,17060099999,LTFJ"
istanbul,2024-07-21,34,25.4,29.1,36.9,25.4,30.8,20.8,63.3,0,0,0,,0,0,39.2,26.4,49.1,1007.6,5.8,10.7,221.4,19.1,9,,2024-07-21T05:49:59,2024-07-21T20:30:38,0.5,Clear,Clear conditions throughout the day.,clear-day,"D8508,LTBA,17063099999,17119099999,17061099999,17064099999,17060099999,LTFJ"
istanbul,2024-07-22,35.6,24.5,29.6,36.6,24.5,30.6,18.4,52.4,0,0,0,,0,0,31.7,25.5,43.7,1008,3.1,11,225.5,19.5,8,,2024-07-22T05:50:52,2024-07-22T20:29:49,0.53,Clear,Clear conditions throughout the day.,clear-day,"D8508,LTBA,17063099999,17119099999,17061099999,17022399999,17064099999,17060099999,LTFJ"
istanbul,2024-07-23,33.3,26,28.9,35.9,26,31.3,21.7,66.1,0,0,0,,0,0,40.3,26.5,43.5,1009.4,36.5,11,209.9,18.2,8,,2024-07-23T05:51:46,2024-07-23T20:28:58,0.57,Partially cloudy,Partly cloudy throughout the day.,partly-cloudy-day,"D8508,LTBA,17063099999,17119099999,17061099999,17022399999,17064099999,17060099999,LTFJ"
istanbul,2024-07-24,32.4,25.6,28.5,34.2,25.6,29.9,20.6,63.5,0,0,0,,0,0,45,30.9,40.6,1007.6,35.9,10.9,176.5,15.4,9,,2024-07-24T05:52:40,2024-07-24T20:28:05,0.6,Partially cloudy,Partly cloudy throughout the day.,partly-cloudy-day,"D8508,LTBA,17063099999,17119099999,17061099999,17064099999,17060099999,LTFJ"
istanbul,2024-07-25,31.4,25,27.5,32.2,25,28.3,19.5,62.6,0,0,0,,0,0,40.3,28.9,29.2,1004.8,45.6,11,208.6,18,10,,2024-07-25T05:53:34,2024-07-25T20:27:11,0.64,Partially cloudy,Partly cloudy throughout the day.,partly-cloudy-day,"D8508,LTBA,17063099999,17119099999,17061099999,17022399999,17064099999,17060099999,LTFJ"
istanbul,2024-07-26,28,21.7,25,29.2,21.7,25.1,19.2,70.9,3.697,100,8.33,rain,0,0,53.6,25.9,355.6,1007.4,69.7,10.9,96.5,8.3,5,,2024-07-26T05:54:30,2024-07-26T20:26:15,0.68,"Rain, Partially cloudy",Partly cloudy throughout the day with rain.,rain,"D8508,LTBA,17063099999,17119099999,17061099999,17064099999,17060099999,LTFJ"
istanbul,2024-07-27,29.7,21.3,25.2,30.2,21.3,25.6,18.9,69.1,8.605,100,4.17,rain,0,0,50,22.1,1.1,1014.8,41.2,11,239.6,20.7,8,,2024-07-27T05:55:25,2024-07-27T20:25:17,0.71,"Rain, Partially cloudy",Partly cloudy throughout the day with morning rain.,rain,"D8508,LTBA,17063099999,17119099999,17061099999,17064099999,17060099999,LTFJ"
istanbul,2024-07-28,32,22.7,27.1,33.6,22.7,28.1,20,66.6,0,0,0,,0,0,43.2,32.2,48.7,1017.3,20.1,11,206.8,18,9,,2024-07-28T05:56:21,2024-07-28T20:24:18,0.75,Partially cloudy,Partly cloudy throughout the day.,partly-cloudy-day,"D8508,LTBA,17063099999,17119099999,17061099999,17064099999,17060099999,LTFJ"
istanbul,2024-07-29,33.4,24.3,28.5,33.3,24.3,29,18.6,57.5,0,0,0,,0,0,53.6,31.5,49.3,1011.8,0,10.9,243.8,21.1,8,,2024-07-29T05:57:18,2024-07-29T20:23:17,0.78,Clear,Clear conditions throughout the day.,clear-day,"D8508,LTBA,17063099999,17119099999,17061099999,17022399999,17064099999,17060099999,LTFJ"
istanbul,2024-07-30,30.5,24.6,26.9,31.4,24.6,27.7,19.4,64.2,0.005,100,4.17,rain,0,0,55.1,32.7,48.6,1010.8,28.6,11.1,150.7,13,9,,2024-07-30T05:58:15,2024-07-30T20:22:14,0.82,"Rain, Partially cloudy",Partly cloudy throughout the day with afternoon rain.,rain,"D8508,LTBA,17063099999,17119099999,17061099999,17064099999,17060099999,LTFJ"
istanbul,2024-07-31,30.1,21.5,25.7,29.5,21.5,25.8,15.9,55.4,0,0,0,,0,0,44.3,31.3,47,1013.8,24.3,11,289,24.9,8,,2024-07-31T05:59:12,2024-07-31T20:21:10,0.85,Partially cloudy,Partly cloudy throughout the day.,partly-cloudy-day,"D8508,LTBA,17063099999,17119099999,17061099999,17022399999,17064099999,17060099999,LTFJ"
istanbul,2024-08-01,30,21.2,25.4,29.9,21.2,25.6,17,60.6,0,0,0,,0,0,44.3,25,46.8,1012.4,16,11,276,23.8,9,,2024-08-01T06:00:10,2024-08-01T20:20:04,0.89,Clear,Clear conditions throughout the day.,clear-day,"D8508,LTBA,17063099999,17119099999,17061099999,17022399999,17064099999,17060099999,LTFJ"
istanbul,2024-08-02,30.5,21.3,25.9,30.8,21.3,26.2,17.6,61.5,0,0,0,,0,0,37.4,22.5,48.2,1009,9.6,11,338.1,29.2,9,,2024-08-02T06:01:08,2024-08-02T20:18:57,0.93,Clear,Clear conditions throughout the day.,clear-day,"D8508,LTBA,17063099999,17119099999,17061099999,17064099999,17060099999,LTFJ"
istanbul,2024-08-03,30.1,21.6,25.9,32,21.6,26.8,19.7,69.2,0,0,0,,0,0,26.2,22.8,5.5,1006,5.7,11,265,23,9,,2024-08-03T06:02:06,2024-08-03T20:17:49,0.96,Clear,Clear conditions throughout the day.,clear-day,"D8508,LTBA,17063099999,17119099999,17061099999,17064099999,17060099999,LTFJ"
istanbul,2024-08-04,33,23.4,27.9,32.7,23.4,28,16.6,52.8,0,0,0,,0,0,29.5,20,36.5,1007.2,17.8,11,299.9,25.9,8,,2024-08-04T06:03:05,2024-08-04T20:16:38,0,Clear,Clear conditions throughout the day.,clear-day,"D8508,LTBA,17063099999,17119099999,17061099999,17064099999,17060099999,LTFJ"
istanbul,2024-08-05,31.4,24.5,26.9,32.4,24.5,27.6,18.9,62.4,0,0,0,,0,0,41.4,26,50,1009.3,39.9,11,203,17.5,8,,2024-08-05T06:04:03,2024-08-05T20:15:27,0.03,Partially cloudy,Partly cloudy throughout the day.,partly-cloudy-day,"D8508,LTBA,17063099999,17119099999,17061099999,17022399999,17064099999,17060099999,LTFJ"
istanbul,2024-08-06,29.8,22.1,26.4,31.4,22.1,27.1,18.3,62.2,0,0,0,,0,0,25.1,16.7,36.9,1008.8,13.1,11,314.9,27.1,9,,2024-08-06T06:05:02,2024-08-06T20:14:14,0.06,Clear,Clear conditions throughout the day.,clear-day,"D8508,LTBA,17063099999,17119099999,17061099999,17022399999,17064099999,17060099999,LTFJ"
istanbul,2024-08-07,28.8,23.2,26,29.1,23.2,26.2,17.5,60.3,0,0,0,,0,0,38.5,21.6,27.9,1011.5,38.1,11.1,271.7,23.5,10,,2024-08-07T06:06:01,2024-08-07T20:13:00,0.09,Partially cloudy,Partly cloudy throughout the day.,partly-cloudy-day,"D8508,LTBA,17063099999,17119099999,17061099999,17022399999,17064099999,17060099999,LTFJ"
istanbul,2024-08-08,29.8,21.6,25.4,30.5,21.6,25.8,18.2,65,0,0,0,,0,0,38.5,26.6,46.9,1012,38.1,11,280.9,24.2,8,,2024-08-08T06:07:01,2024-08-08T20:11:44,0.13,Partially cloudy,Partly cloudy throughout the day.,partly-cloudy-day,"D8508,LTBA,17063099999,17119099999,17061099999,17022399999,17064099999,17060099999,LTFJ"
istanbul,2024-08-09,31.3,23.5,26.8,32.6,23.5,27.8,20.2,68.1,0,0,0,,0,0,40.3,24.2,38,1011.6,42.7,11,206.4,17.9,6,,2024-08-09T06:08:00,2024-08-09T20:10:28,0.16,Partially cloudy,Partly cloudy throughout the day.,partly-cloudy-day,"LTBA,17063099999,17119099999,17061099999,17022399999,17064099999,17060099999,LTFJ"
istanbul,2024-08-10,31.3,24.4,27.4,32.4,24.4,28.3,20.1,65.5,0,0,0,,0,0,41,25.1,33.6,1014.1,32.2,11,245.5,21.2,7,,2024-08-10T06:09:00,2024-08-10T20:09:09,0.19,Partially cloudy,Partly cloudy throughout the day.,partly-cloudy-day,"LTBA,17063099999,17119099999,17061099999,17064099999,17060099999,LTFJ"
istanbul,2024-08-11,32,24,27.6,33,24,28.7,20.5,66.5,0,0,0,,0,0,50,29.4,41.3,1015.7,21.7,11,263.7,22.7,8,,2024-08-11T06:09:59,2024-08-11T20:07:50,0.23,Partially cloudy,Partly cloudy throughout the day.,partly-cloudy-day,"LTBA,17063099999,17119099999,17061099999,17064099999,17060099999,LTFJ"
istanbul,2024-08-12,31.9,23.7,27.5,33.1,23.7,28.2,20.2,66.4,0,0,0,,0,0,44.3,35.7,49.8,1013.7,22.2,10,290.4,25.1,9,,2024-08-12T06:10:59,2024-08-12T20:06:30,0.25,Partially cloudy,Partly cloudy throughout the day.,partly-cloudy-day,"LTBA,LTFJ"
istanbul,2024-08-13,34.3,23.7,28.4,34.8,23.7,29.1,19.2,60,0,0,0,,0,0,41.4,27.4,45.8,1011.3,2.4,10.9,295.4,25.6,9,,2024-08-13T06:11:59,2024-08-13T20:05:08,0.29,Clear,Clear conditions throughout the day.,clear-day,"LTBA,17063099999,17119099999,17061099999,17022399999,17064099999,17060099999,LTFJ"
istanbul,2024-08-14,34.7,25,29,35.2,25,29.7,18.6,55.3,0,0,0,,0,0,59.4,34.9,55.5,1011.7,0.3,10.9,292.8,25.4,9,,2024-08-14T06:12:59,2024-08-14T20:03:45,0.32,Clear,Clear conditions throughout the day.,clear-day,"17068099999,LTBA,17063099999,17119099999,17061099999,17022399999,17064099999,17060099999,LTFJ"
istanbul,2024-08-15,31.5,24.2,27,31.3,24.2,27.3,18.4,61,0,0,0,,0,0,46.1,28.5,52.2,1014.4,8.5,10.9,291.3,25.1,9,,2024-08-15T06:13:59,2024-08-15T20:02:21,0.36,Clear,Clear conditions throughout the day.,clear-day,"17068099999,LTBA,17063099999,17119099999,17061099999,17022399999,17064099999,17060099999,LTFJ"
istanbul,2024-08-16,29.6,21.6,25.6,29.6,21.6,25.8,17.3,60.9,0,0,0,,0,0,48.6,30.7,54.4,1015.1,14.6,10.9,310.3,26.9,9,,2024-08-16T06:14:59,2024-08-16T20:00:57,0.39,Clear,Clear conditions throughout the day.,clear-day,"17068099999,D8508,LTBA,17063099999,17119099999,17061099999,17022399999,17064099999,17060099999,LTFJ"
istanbul,2024-08-17,29.8,21.6,25.6,29.2,21.6,25.6,16.1,56.9,0,0,0,,0,0,53.6,32.8,52.9,1012.5,17.4,10.9,299.6,26,9,,2024-08-17T06:15:59,2024-08-17T19:59:31,0.42,Clear,Clear conditions throughout the day.,clear-day,"17068099999,D8508,LTBA,17063099999,17119099999,17061099999,17064099999,17060099999,LTFJ"
istanbul,2024-08-18,30,21.3,25.4,30.1,21.3,25.6,17.1,61.3,0,0,0,,0,0,37.8,29.9,46.6,1009.4,12,10.9,268.1,23.3,8,,2024-08-18T06:16:59,2024-08-18T19:58:04,0.45,Clear,Clear conditions throughout the day.,clear-day,"17068099999,D8508,LTBA,17063099999,17119099999,17061099999,17064099999,17060099999,LTFJ"
istanbul,2024-08-19,28.9,21.3,25.3,30.9,21.3,25.9,19.6,71.3,0,0,0,,0,0,27.4,15.9,12.6,1009.5,16.6,10.7,275.1,23.9,8,,2024-08-19T06:17:58,2024-08-19T19:56:36,0.5,Clear,Clear conditions throughout the day.,clear-day,"17068099999,D8508,LTBA,17063099999,17119099999,17061099999,17022399999,17064099999,17060099999,LTFJ"
istanbul,2024-08-20,30.9,21.5,25.8,32.6,21.5,26.6,19.9,70.7,0,0,0,,0,0,27.4,22.6,42.1,1010.2,11.1,11,287.4,24.9,8,,2024-08-20T06:18:58,2024-08-20T19:55:07,0.52,Clear,Clear conditions throughout the day.,clear-day,"17068099999,D8508,LTBA,17063099999,17119099999,17061099999,17064099999,17060099999,LTFJ"
istanbul,2024-08-21,29,23.3,25.9,30.9,23.3,26.6,20,70.5,0.501,100,4.17,rain,0,0,32.8,22.6,39,1006.8,49.9,10.8,161.5,13.8,8,,2024-08-21T06:19:58,2024-08-21T19:53:37,0.56,"Rain, Partially cloudy",Partly cloudy throughout the day with afternoon rain.,rain,"D8508,LTBA,17063099999,17119099999,17061099999,17022399999,17064099999,17060099999,LTFJ"
istanbul,2024-08-22,31.7,23.1,26.5,33,23.1,27.5,20.7,71.7,0.021,100,4.17,rain,0,0,28.4,22.5,18.9,1007.6,20.6,10.9,255.9,22.1,8,,2024-08-22T06:20:58,2024-08-22T19:52:07,0.59,"Rain, Partially cloudy",Partly cloudy throughout the day with morning rain.,rain,"D8508,LTBA,17063099999,17119099999,17061099999,17022399999,17064099999,17060099999,LTFJ"
istanbul,2024-08-23,33,23.6,27.5,33.3,23.6,28.3,20.3,67.4,0,0,0,,0,0,40.7,24.8,41.7,1012.5,19.5,11,245.3,21.2,8,,2024-08-23T06:21:58,2024-08-23T19:50:35,0.63,Clear,Clear conditions throughout the day.,clear-day,"D8508,LTBA,17063099999,17119099999,17061099999,17022399999,17064099999,17060099999,LTFJ"
istanbul,2024-08-24,31.4,24,27.2,32.1,24,27.6,19.3,64.4,0,0,0,,0,0,48.2,24.2,52,1014.8,33.4,10.9,247.6,21.5,9,,2024-08-24T06:22:58,2024-08-24T19:49:03,0.66,Partially cloudy,Partly cloudy throughout the day.,partly-cloudy-day,"D8508,LTBA,17063099999,17119099999,17061099999,17064099999,17060099999,LTFJ"
istanbul,2024-08-25,31,22.5,26.3,31.7,22.5,26.8,18.6,63.5,0,0,0,,0,0,42.8,29.3,47.1,1011.3,24.6,11,249.5,21.5,8,,2024-08-25T06:23:58,2024-08-25T19:47:30,0.7,Partially cloudy,Partly cloudy throughout the day.,partly-cloudy-day,"D8508,LTBA,17063099999,17119099999,17061099999,17064099999,17060099999,LTFJ"
istanbul,2024-08-26,32.1,23.5,27.1,32.3,23.5,27.6,19.9,67.1,0,0,0,,0,0,39.2,27.9,42.5,1010,26.9,11,269.2,23.4,8,,2024-08-26T06:24:57,2024-08-26T19:45:56,0.75,Partially cloudy,Partly cloudy throughout the day.,partly-cloudy-day,"D8508,LTBA,17063099999,17119099999,17061099999,17022399999,17064099999,17060099999,LTFJ"
istanbul,2024-08-27,31,24.1,26.4,30.6,24.1,26.6,18.8,64.5,0.152,100,8.33,rain,0,0,46.9,24.9,47.6,1011.6,33.9,11,228.6,19.8,8,,2024-08-27T06:25:57,2024-08-27T19:44:22,0.77,"Rain, Partially cloudy",Partly cloudy throughout the day with rain in the morning and afternoon.,rain,"D8508,LTBA,17063099999,17119099999,17061099999,17022399999,17064099999,17060099999,LTFJ"
istanbul,2024-08-28,28.4,21.4,24.7,28.9,21.4,24.8,18.7,69.9,4.195,100,4.17,rain,0,0,33.8,17.9,26.8,1013.7,49.2,10.7,213.9,18.5,8,,2024-08-28T06:26:57,2024-08-28T19:42:47,0.8,"Rain, Partially cloudy",Partly cloudy throughout the day with afternoon rain.,rain,"17068099999,D8508,LTBA,17063099999,17119099999,17061099999,17022399999,17064099999,17060099999,LTFJ"
istanbul,2024-08-29,27.9,21.6,24.8,29.5,21.6,25.2,18.6,68.8,0.342,100,4.17,rain,0,0,31.3,17.9,259.4,1011.9,30.5,11,226.9,19.6,6,,2024-08-29T06:27:56,2024-08-29T19:41:11,0.84,"Rain, Partially cloudy",Partly cloudy throughout the day with morning rain.,rain,"D8508,LTBA,17063099999,17119099999,17061099999,17022399999,17064099999,17060099999,LTFJ"
istanbul,2024-08-30,26.1,22.3,23.9,26.1,22.3,23.9,19.1,74.5,5.379,100,8.33,rain,0,0,28.1,18.2,288.2,1010.7,51.3,10.7,188.3,16.2,6,,2024-08-30T06:28:56,2024-08-30T19:39:35,0.87,"Rain, Partially cloudy",Partly cloudy throughout the day with rain.,rain,"D8508,LTBA,17063099999,17119099999,17061099999,17064099999,17060099999,LTFJ"
istanbul,2024-08-31,27.2,21.4,24.5,28.4,21.4,24.6,19.3,73.3,0.119,100,4.17,rain,0,0,27.7,16.3,258.7,1010.3,52.3,11.1,225.7,19.4,9,,2024-08-31T06:29:56,2024-08-31T19:37:58,0.91,"Rain, Partially cloudy",Partly cloudy throughout the day with morning rain.,rain,"D8508,LTBA,17063099999,17119099999,17061099999,17064099999,17060099999,LTFJ"
istanbul,2024-09-01,27.1,22.3,24.6,28.4,22.3,24.6,20.2,76.7,1.125,100,8.33,rain,0,0,30.6,17.6,20.3,1009.4,60.9,10.8,146.6,12.6,5,,2024-09-01T06:30:55,2024-09-01T19:36:20,0.94,"Rain, Partially cloudy",Partly cloudy throughout the day with rain.,rain,"D8508,LTBA,17063099999,17119099999,17061099999,17064099999,17060099999,LTFJ"
istanbul,2024-09-02,27,21.9,24.2,28.5,21.9,24.3,19.7,76.3,3.139,100,8.33,rain,0,0,22.5,14.2,14.2,1011.5,71.3,10.9,108.1,9.3,4,,2024-09-02T06:31:55,2024-09-02T19:34:42,0.98,"Rain, Partially cloudy",Partly cloudy throughout the day with rain in the morning and afternoon.,rain,"D8508,LTBA,17063099999,17119099999,17061099999,17064099999,17060099999,LTFJ"
istanbul,2024-09-03,28.3,21.5,25,30.5,21.5,25.6,19.6,73.1,0,0,0,,0,0,22.7,15.1,334.6,1014.3,22.8,10.2,248.2,21.4,8,,2024-09-03T06:32:54,2024-09-03T19:33:04,0,Partially cloudy,Partly cloudy throughout the day.,partly-cloudy-day,"D8508,LTBA,17063099999,17119099999,17061099999,17022399999,17064099999,17060099999,LTFJ"
istanbul,2024-09-04,29.9,22,25.5,31.1,22,26,20.3,74,0,0,0,,0,0,32.8,23.2,33.7,1013.7,31.1,10,140,12.1,7,,2024-09-04T06:33:54,2024-09-04T19:31:25,0.04,Partially cloudy,Partly cloudy throughout the day.,partly-cloudy-day,"D8508,LTBA,17063099999,17119099999,17061099999,17022399999,17064099999,17060099999,LTFJ"
istanbul,2024-09-05,29.8,21.8,25.1,29.7,21.8,25.2,17.1,62.4,0,0,0,,0,0,27.7,18.1,44.9,1013.1,4,10.5,250.2,21.5,7,,2024-09-05T06:34:53,2024-09-05T19:29:45,0.08,Clear,Clear conditions throughout the day.,clear-day,"D8508,LTBA,17063099999,17119099999,17061099999,17022399999,17064099999,17060099999,LTFJ"
istanbul,2024-09-06,30.5,20.5,24.5,29.4,20.5,24.6,16.7,63.6,0,0,0,,0,0,28.4,20.2,51.8,1013.9,8.6,11,257.6,22.3,8,,2024-09-06T06:35:52,2024-09-06T19:28:05,0.11,Clear,Clear conditions throughout the day.,clear-day,"D8508,LTBA,17063099999,17119099999,17061099999,17022399999,17064099999,17060099999,LTFJ"
istanbul,2024-09-07,26.9,22.2,24.1,28,22.2,24.2,18.8,72.5,1.207,100,8.33,rain,0,0,28.1,17.4,5,1014.9,48.3,11,191.8,16.5,7,,2024-09-07T06:36:52,2024-09-07T19:26:25,0.14,"Rain, Partially cloudy",Partly cloudy throughout the day with rain.,rain,"D8508,LTBA,17063099999,17119099999,17061099999,17064099999,17060099999,LTFJ"
istanbul,2024-09-08,26.3,21.6,23.1,26.3,21.6,23.1,18.8,77.4,8.286,100,8.33,rain,0,0,51.8,25.7,2.5,1013.9,70.3,10.4,136.6,11.8,8,,2024-09-08T06:37:51,2024-09-08T19:24:44,0.18,"Rain, Partially cloudy",Partly cloudy throughout the day with rain in the morning and afternoon.,rain,"D8508,LTBA,17063099999,17119099999,17061099999,17064099999,17060099999,LTFJ"
istanbul,2024-09-09,27.8,20.4,23.7,28.3,20.4,23.8,18,71.8,10.616,100,8.33,rain,0,0,28.4,18.9,39.1,1011.7,42.5,11,183,15.7,8,,2024-09-09T06:38:51,2024-09-09T19:23:04,0.21,"Rain, Partially cloudy",Partly cloudy throughout the day with rain clearing later.,rain,"D8508,LTBA,17063099999,17119099999,17061099999,17064099999,17060099999,LTFJ"
istanbul,2024-09-10,28.4,19.7,24.2,28.7,19.7,24.4,18.2,70.1,0,0,0,,0,0,23.4,12.4,65.4,1005.7,61.3,11,147.9,12.8,6,,2024-09-10T06:39:50,2024-09-10T19:21:22,0.24,Partially cloudy,Partly cloudy throughout the day.,partly-cloudy-day,"D8508,LTBA,17063099999,17119099999,17061099999,17022399999,17064099999,17060099999,LTFJ"
istanbul,2024-09-11,27.9,22.3,25.3,28.9,22.3,25.6,18.7,67.5,0.029,100,4.17,rain,0,0,30.2,14,236.7,1005.8,61.2,11,165.1,14.3,6,,2024-09-11T06:40:49,2024-09-11T19:19:41,0.25,"Rain, Partially cloudy",Partly cloudy throughout the day with early morning rain.,rain,"LTBA,17063099999,17119099999,17061099999,17064099999,17060099999,LTFJ"
istanbul,2024-09-12,28.6,22.2,25.3,29.5,22.2,25.5,18.6,67.2,0.257,100,4.17,rain,0,0,32.8,15.5,249.2,1010.7,34.9,11,210.4,18.4,7,,2024-09-12T06:41:49,2024-09-12T19:17:59,0.31,"Rain, Partially cloudy",Partly cloudy throughout the day with morning rain.,rain,"LTBA,17063099999,17119099999,17061099999,17022399999,17064099999,17060099999,LTFJ"
istanbul,2024-09-13,30.7,22.1,25.9,30.6,22.1,26.2,18.4,64.8,0,0,0,,0,0,27.4,14.7,233.6,1008.9,15.2,10.5,219.5,19,7,,2024-09-13T06:42:48,2024-09-13T19:16:17,0.34,Clear,Clear conditions throughout the day.,clear-day,"D8508,LTBA,17063099999,17119099999,17061099999,17022399999,17064099999,17060099999,LTFJ"
istanbul,2024-09-14,30.9,24.2,27.2,31.1,24.2,27.5,18,58.2,0,0,0,,0,0,30.2,14.6,216.5,1006.6,43.6,11,202.9,17.5,7,,2024-09-14T06:43:48,2024-09-14T19:14:35,0.38,Partially cloudy,Partly cloudy throughout the day.,partly-cloudy-day,"LTBA,17063099999,17119099999,17061099999,17064099999,17060099999,LTFJ"
istanbul,2024-09-15,26.4,19.1,22.6,26.4,19.1,22.6,17.9,75.2,3.906,100,12.5,rain,0,0,55.4,30,351.6,1006.4,61.4,9.9,118.1,10.2,4,,2024-09-15T06:44:47,2024-09-15T19:12:53,0.41,"Rain, Partially cloudy",Partly cloudy throughout the day with a chance of rain throughout the day.,rain,"D8508,LTBA,17063099999,17119099999,17061099999,17064099999,17060099999,LTFJ"
istanbul,2024-09-16,25.7,18.4,21.2,25.7,18.4,21.2,15.6,71.3,6.431,100,8.33,rain,0,0,28.9,20.2,38.5,1008.9,48.2,11,192.4,16.7,8,,2024-09-16T06:45:47,2024-09-16T19:11:10,0.44,"Rain, Partially cloudy",Partly cloudy throughout the day with rain in the morning and afternoon.,rain,"D8508,LTBA,17063099999,17119099999,17061099999,17022399999,17064099999,17060099999,LTFJ"
istanbul,2024-09-17,24.9,19.4,21.9,24.9,19.4,21.9,15.6,68.2,2.561,100,4.17,rain,0,0,36.7,25.3,37.1,1014.5,44.1,11,175.4,15.2,6,,2024-09-17T06:46:47,2024-09-17T19:09:28,0.48,"Rain, Partially cloudy",Partly cloudy throughout the day with late afternoon rain.,rain,"D8508,LTBA,17063099999,17119099999,17061099999,17022399999,17064099999,17060099999,LTFJ"
istanbul,2024-09-18,25.9,18.3,21.9,25.9,18.3,21.9,15.4,66.9,0,0,0,,0,0,37.1,27.4,35.9,1016.3,55.5,11,136.5,11.6,5,,2024-09-18T06:47:47,2024-09-18T19:07:45,0.5,Partially cloudy,Partly cloudy throughout the day.,partly-cloudy-day,"LTBA,17063099999,17119099999,17061099999,17022399999,17064099999,17060099999,LTFJ"
istanbul,2024-09-19,24.6,19.6,21.5,24.6,19.6,21.5,14.5,64.9,0,0,0,,0,0,41.8,24.7,30.8,1015.8,46.6,11.1,186.9,16.2,6,,2024-09-19T06:48:46,2024-09-19T19:06:03,0.54,Partially cloudy,Partly cloudy throughout the day.,partly-cloudy-day,"D8508,LTBA,17063099999,17119099999,17061099999,17022399999,17064099999,17060099999,LTFJ"
istanbul,2024-09-20,25.5,18.4,21.5,25.5,18.4,21.5,15.7,70.4,0,0,0,,0,0,37.4,22.3,30.4,1015.2,62.2,11,171.6,14.8,6,,2024-09-20T06:49:46,2024-09-20T19:04:20,0.58,Partially cloudy,Partly cloudy throughout the day.,partly-cloudy-day,"D8508,LTBA,17063099999,17119099999,17061099999,17022399999,17064099999,17060099999,LTFJ"
istanbul,2024-09-21,23.2,18.8,20.7,23.2,18.8,20.7,15.1,70.8,5.775,100,16.67,rain,0,0,40.3,24.4,9.9,1016.2,74.2,10.7,131.8,11.5,4,,2024-09-21T06:50:47,2024-09-21T19:02:38,0.61,"Rain, Partially cloudy",Partly cloudy throughout the day with a chance of rain throughout the day.,rain,"D8508,LTBA,17063099999,17119099999,17061099999,17064099999,17060099999,LTFJ"
istanbul,2024-09-22,24.7,18.6,21.1,24.7,18.6,21.1,13.1,60.7,0.54,100,8.33,rain,0,0,39.9,26.8,24,1015.8,69.6,10.9,164,14.1,6,,2024-09-22T06:51:47,2024-09-22T19:00:55,0.65,"Rain, Partially cloudy",Partly cloudy throughout the day with rain.,rain,"D8508,LTBA,17063099999,17119099999,17061099999,17064099999,17060099999,LTFJ"
istanbul,2024-09-23,23.7,17.8,20.6,23.7,17.8,20.6,15.5,73.1,1.687,100,12.5,rain,0,0,27.7,14.4,289.9,1015.3,68.1,10.8,148.4,12.6,6,,2024-09-23T06:52:47,2024-09-23T18:59:13,0.68,"Rain, Partially cloudy",Partly cloudy throughout the day with a chance of rain throughout the day.,rain,"D8508,LTBA,17063099999,17119099999,17061099999,17022399999,17064099999,17060099999,LTFJ"
istanbul,2024-09-24,25.3,16.4,20.8,25.3,16.4,20.8,15.9,74.4,0,0,0,,0,0,23.2,15,35.5,1016.3,32.3,10.6,193.5,16.7,7,,2024-09-24T06:53:48,2024-09-24T18:57:31,0.75,Partially cloudy,Partly cloudy throughout the day.,partly-cloudy-day,"D8508,LTBA,17063099999,17119099999,17061099999,17022399999,17064099999,17060099999,LTFJ"
istanbul,2024-09-25,25.8,17.2,21.5,25.8,17.2,21.5,15.2,68.5,0,0,0,,0,0,25.1,14.2,10.4,1017.4,8.4,11,212.7,18.3,7,,2024-09-25T06:54:48,2024-09-25T18:55:49,0.75,Clear,Clear conditions throughout the day.,clear-day,"D8508,LTBA,17063099999,17119099999,17061099999,17022399999,17064099999,17060099999,LTFJ"
istanbul,2024-09-26,26.5,16.8,21.5,26.5,16.8,21.5,15.4,69,0,0,0,,0,0,26.2,19.1,31,1016.3,25,10.7,208.8,18.1,7,,2024-09-26T06:55:49,2024-09-26T18:54:07,0.78,Partially cloudy,Partly cloudy throughout the day.,partly-cloudy-day,"D8508,LTBA,17063099999,17119099999,17061099999,17022399999,17064099999,17060099999,LTFJ"
istanbul,2024-09-27,27.6,17.8,22,28.6,17.8,22,17.5,76.8,0,0,0,,0,0,29.5,21.5,32.5,1014.5,8.4,10.8,183.3,15.6,7,,2024-09-27T06:56:50,2024-09-27T18:52:25,0.82,Clear,Clear conditions throughout the day.,clear-day,"17068099999,D8508,LTBA,17063099999,17119099999,17061099999,17022399999,17064099999,17060099999,LTFJ"
istanbul,2024-09-28,26.6,19.2,22.4,26.6,19.2,22.4,18.8,80.4,0,0,0,,0,0,25.3,17.5,24.7,1011.4,41.9,10.2,162,13.9,7,,2024-09-28T06:57:52,2024-09-28T18:50:43,0.85,Partially cloudy,Partly cloudy throughout the day.,partly-cloudy-day,"17068099999,D8508,LTBA,17063099999,17119099999,17061099999,17064099999,17060099999,LTFJ"
istanbul,2024-09-29,26.3,19.2,22.4,26.3,19.2,22.4,18.9,81.4,0,0,0,,0,0,40.7,31.7,336.5,1008.1,54.2,10,163.4,14.1,7,,2024-09-29T06:58:53,2024-09-29T18:49:02,0.88,Partially cloudy,Partly cloudy throughout the day.,partly-cloudy-day,"17068099999,D8508,LTBA,17063099999,17119099999,17061099999,17064099999,17060099999,LTFJ"
istanbul,2024-09-30,20,15.2,17,20,15.2,17,13.2,78.7,14.593,100,12.5,rain,0,0,59.4,31.5,340.2,1010.7,83.7,10.8,52.2,4.4,3,,2024-09-30T06:59:55,2024-09-30T18:47:21,0.92,"Rain, Partially cloudy",Partly cloudy throughout the day with a chance of rain throughout the day.,rain,"17068099999,D8508,LTBA,17063099999,17119099999,17061099999,17022399999,17064099999,17060099999,LTFJ"
istanbul,2024-10-01,17.9,14.6,16.5,17.9,14.6,16.5,8.2,58.1,1.352,100,4.17,rain,0,0,37.4,16.1,298.9,1011.8,85.3,10.7,43.1,3.6,2,,2024-10-01T07:00:56,2024-10-01T18:45:41,0.95,"Rain, Partially cloudy",Partly cloudy throughout the day with morning rain.,rain,"17068099999,D8508,LTBA,17063099999,17119099999,17061099999,17064099999,17060099999,LTFJ"
istanbul,2024-10-02,21.1,15.8,18.3,21.1,15.8,18.3,10.9,62.2,0.35,100,4.17,rain,0,0,30.6,13.4,322.3,1014.3,49.4,10.3,69.6,6.1,4,,2024-10-02T07:01:59,2024-10-02T18:44:00,0,"Rain, Partially cloudy",Partly cloudy throughout the day with morning rain.,rain,"D8508,LTBA,17063099999,17119099999,17061099999,17064099999,17060099999,LTFJ"
istanbul,2024-10-03,23.5,14.7,19.1,23.5,14.7,19.1,13.9,72.6,0,0,0,,0,0,20.2,12.3,258.3,1014.6,8.2,11,172.1,14.9,6,,2024-10-03T07:03:01,2024-10-03T18:42:21,0.02,Clear,Clear conditions throughout the day.,clear-day,"D8508,LTBA,17063099999,17119099999,17061099999,17022399999,17064099999,17060099999,LTFJ"
istanbul,2024-10-04,27.1,17.5,21.9,27,17.5,21.9,13.8,62.4,0,0,0,,0,0,25.9,10.5,179.3,1014.3,0,10.8,200.4,17.4,7,,2024-10-04T07:04:03,2024-10-04T18:40:41,0.05,Clear,Clear conditions throughout the day.,clear-day,"D8508,LTBA,17063099999,17119099999,17061099999,17022399999,17064099999,17060099999,LTFJ"
istanbul,2024-10-05,30,18.1,23.8,29.7,18.1,23.7,14,56,0,0,0,,0,0,15.4,8.7,259.8,1011.8,12.3,11,0,0,0,,2024-10-05T07:05:06,2024-10-05T18:39:02,0.09,Clear,Clear conditions throughout the day.,clear-day,"LTBA,17063099999,17119099999,17061099999,17064099999,17060099999,LTFJ"
istanbul,2024-10-06,26.8,20.3,23.1,27.4,20.3,23.1,16.9,69.4,0,0,0,,0,0,20.9,8.8,212.9,1009.7,66.3,10.4,142.1,12.2,6,,2024-10-06T07:06:09,2024-10-06T18:37:24,0.12,Partially cloudy,Partly cloudy throughout the day.,partly-cloudy-day,"D8508,LTBA,17063099999,17119099999,17061099999,17064099999,17060099999,LTFJ"
istanbul,2024-10-07,23.3,17.8,20.2,23.3,17.8,20.2,16.3,78.8,3.305,100,12.5,rain,0,0,25.9,16.9,47.4,1014.2,57.7,11,70.3,6.1,4,,2024-10-07T07:07:13,2024-10-07T18:35:46,0.16,"Rain, Partially cloudy",Partly cloudy throughout the day with a chance of rain throughout the day.,rain,"D8508,LTBA,17063099999,17119099999,17061099999,17022399999,17064099999,17060099999,LTFJ"
istanbul,2024-10-08,25.3,16,20,25.3,16,20,13,65.9,0,0,0,,0,0,29.6,19.2,51.3,1019.1,10.8,10.9,197.7,17.2,7,,2024-10-08T07:08:16,2024-10-08T18:34:08,0.19,Clear,Clear conditions throughout the day.,clear-day,"D8508,LTBA,17063099999,17119099999,17061099999,17022399999,17064099999,17060099999,LTFJ"
istanbul,2024-10-09,24.4,15.6,20.3,24.4,15.6,20.3,14.5,69.8,0,0,0,,0,0,29.2,15.8,264.6,1013.4,34.6,10.8,181.5,15.7,6,,2024-10-09T07:09:20,2024-10-09T18:32:31,0.22,Partially cloudy,Partly cloudy throughout the day.,partly-cloudy-day,"17068099999,D8508,LTBA,17063099999,17119099999,17061099999,17022399999,17064099999,17060099999,LTFJ"
istanbul,2024-10-10,25.2,20.1,22.3,25.2,20.1,22.3,16.2,69.3,0,0,0,,0,0,29.9,16.7,228.6,1010.1,60.2,10.9,156.4,13.6,6,,2024-10-10T07:10:25,2024-10-10T18:30:55,0.25,Partially cloudy,Partly cloudy throughout the day.,partly-cloudy-day,"17068099999,D8508,LTBA,17063099999,17119099999,17061099999,17022399999,17064099999,17060099999,LTFJ"
istanbul,2024-10-11,26.8,19.8,23.1,27,19.8,23.1,16.9,69,0,0,0,,0,0,29.9,18.6,225.8,1009.5,38,10.7,166.9,14.6,6,,2024-10-11T07:11:29,2024-10-11T18:29:20,0.29,Partially cloudy,Partly cloudy throughout the day.,partly-cloudy-day,"17068099999,LTBA,17063099999,17119099999,17061099999,17022399999,17064099999,17060099999,LTFJ"
istanbul,2024-10-12,23.4,17.4,20.3,23.4,17.4,20.3,16.2,77.6,1.508,100,4.17,rain,0,0,33.5,25.1,9.4,1012.2,71.3,10.7,28.8,2.5,1,,2024-10-12T07:12:34,2024-10-12T18:27:45,0.33,"Rain, Partially cloudy",Partly cloudy throughout the day with late afternoon rain.,rain,"17068099999,D8508,LTBA,17063099999,17119099999,17061099999,17064099999,17060099999,LTFJ"
istanbul,2024-10-13,19.1,15.2,17.3,19.1,15.2,17.3,13.6,79,8.254,100,8.33,rain,0,0,33.5,19.6,30.3,1017.7,78.1,10.9,34.7,2.7,2,,2024-10-13T07:13:39,2024-10-13T18:26:11,0.36,"Rain, Partially cloudy",Partly cloudy throughout the day with rain clearing later.,rain,"D8508,LTBA,17063099999,17119099999,17061099999,17064099999,17060099999,LTFJ"
istanbul,2024-10-14,21.1,13.5,16.9,21.1,13.5,16.9,12.4,75.5,0,0,0,,0,0,22.7,11.9,34.5,1017.6,43.2,11,124,10.9,5,,2024-10-14T07:14:45,2024-10-14T18:24:37,0.39,Partially cloudy,Partly cloudy throughout the day.,partly-cloudy-day,"D8508,LTBA,17063099999,17119099999,17061099999,17022399999,17064099999,17060099999,LTFJ"
istanbul,2024-10-15,23.1,13.8,17.6,23.1,13.8,17.6,12.7,74.2,0,0,0,,0,0,34.9,23.2,44.8,1018.8,11.6,11,156.9,13.6,7,,2024-10-15T07:15:51,2024-10-15T18:23:04,0.43,Clear,Clear conditions throughout the day.,clear-day,"17068099999,D8508,LTBA,17063099999,17119099999,17061099999,17064099999,17060099999,LTFJ"
istanbul,2024-10-16,20.9,14.2,16.8,20.9,14.2,16.8,13.1,79.6,0.14,100,4.17,rain,0,0,61.2,28.4,8.8,1021.8,47.9,9.6,91.6,7.8,9,,2024-10-16T07:16:57,2024-10-16T18:21:33,0.46,"Rain, Partially cloudy",Partly cloudy throughout the day with late afternoon rain.,rain,"D8508,LTBA,17063099999,17119099999,17061099999,17022399999,17064099999,17060099999,LTFJ"
istanbul,2024-10-17,16.7,12.6,14.4,16.7,12.6,14.4,8.1,66.5,1.279,100,8.33,rain,0,0,52.2,28.5,5.1,1025.7,81.3,10.9,87.7,7.6,8,,2024-10-17T07:18:03,2024-10-17T18:20:02,0.5,"Rain, Partially cloudy",Partly cloudy throughout the day with rain in the morning and afternoon.,rain,"D8508,LTBA,17063099999,17119099999,17061099999,17064099999,17060099999,LTFJ"
istanbul,2024-10-18,15.7,11.7,13.3,15.7,11.7,13.3,7,66.4,0.694,100,16.67,rain,0,0,38.5,25.8,1.6,1025.5,65.4,11,45.5,4,2,,2024-10-18T07:19:10,2024-10-18T18:18:32,0.53,"Rain, Partially cloudy",Partly cloudy throughout the day with a chance of rain throughout the day.,rain,"D8508,LTBA,17063099999,17119099999,17061099999,17064099999,17060099999,LTFJ"
istanbul,2024-10-19,16.1,10.9,13.1,16.1,10.9,13.1,6.9,67,2.879,100,12.5,rain,0,0,30.9,19.5,35.1,1025.5,59.1,11,108.8,9.4,6,,2024-10-19T07:20:18,2024-10-19T18:17:02,0.56,"Rain, Partially cloudy",Partly cloudy throughout the day with a chance of rain throughout the day.,rain,"D8508,LTBA,17063099999,17119099999,17061099999,17064099999,17060099999,LTFJ"
istanbul,2024-10-20,17.2,9.3,13.1,17.2,8.7,13,7.4,69.1,0.291,100,4.17,rain,0,0,39.6,27.9,38.9,1028.7,42.8,11,71.5,6.2,5,,2024-10-20T07:21:25,2024-10-20T18:15:34,0.6,"Rain, Partially cloudy",Partly cloudy throughout the day with morning rain.,rain,"D8508,LTBA,17063099999,17119099999,17061099999,17064099999,17060099999,LTFJ"
istanbul,2024-10-21,17.2,10.7,13.7,17.2,10.7,13.7,7.4,66.7,0,0,0,,0,0,29.5,18.7,33.2,1032.1,34.7,11,133.8,10.1,8,,2024-10-21T07:22:33,2024-10-21T18:14:07,0.63,Partially cloudy,Partly cloudy throughout the day.,partly-cloudy-day,"D8508,LTBA,17063099999,17119099999,17061099999,17022399999,17064099999,17060099999,LTFJ"
istanbul,2024-10-22,17.7,10.4,14.1,17.7,10.4,14.1,9,72.3,0,0,0,,0,0,35.6,18.4,37.7,1031.2,36.7,11.1,82.5,7.1,5,,2024-10-22T07:23:41,2024-10-22T18:12:41,0.66,Partially cloudy,Partly cloudy throughout the day.,partly-cloudy-day,"17068099999,D8508,LTBA,17063099999,17119099999,17061099999,17022399999,17064099999,17060099999,LTFJ"
istanbul,2024-10-23,20.1,10.6,14.7,20.1,10.6,14.7,9.8,74,0,0,0,,0,0,34.6,21.9,42,1029.2,19,11,149.6,13,6,,2024-10-23T07:24:50,2024-10-23T18:11:16,0.7,Clear,Clear conditions throughout the day.,clear-day,"D8508,LTBA,17063099999,17119099999,17061099999,17022399999,17064099999,17060099999,LTFJ"
istanbul,2024-10-24,19.3,12.1,15.1,19.3,12.1,15.1,10.1,73.1,0,0,0,,0,0,35.6,20.6,43.4,1029.5,40.9,11,107.3,9.3,6,,2024-10-24T07:25:58,2024-10-24T18:09:52,0.75,Partially cloudy,Partly cloudy throughout the day.,partly-cloudy-day,"D8508,LTBA,17063099999,17119099999,17061099999,17064099999,17060099999,LTFJ"
istanbul,2024-10-25,18.7,12.4,15.1,18.7,12.4,15.1,10.4,74.2,0,0,0,,0,0,42.1,25.7,52.9,1027.3,55.3,11,67.7,5.9,5,,2024-10-25T07:27:07,2024-10-25T18:08:29,0.76,Partially cloudy,Partly cloudy throughout the day.,partly-cloudy-day,"D8508,LTBA,17063099999,17119099999,17061099999,17022399999,17064099999,17060099999,LTFJ"
istanbul,2024-10-26,19.1,11.1,14.5,19.1,11.1,14.5,8.8,69.2,0,0,0,,0,0,41.4,23.5,47.4,1026.8,24.4,10.9,160.4,13.8,6,,2024-10-26T07:28:17,2024-10-26T18:07:07,0.8,Partially cloudy,Partly cloudy throughout the day.,partly-cloudy-day,"D8508,LTBA,17063099999,17119099999,17061099999,17064099999,17060099999,LTFJ"
istanbul,2024-10-27,20.9,11.5,15.2,20.9,11.5,15.2,10.4,73.5,0,0,0,,0,0,34.9,23.1,43.4,1025.4,10.5,10.9,149.7,12.9,6,,2024-10-27T07:29:27,2024-10-27T18:05:47,0.83,Clear,Clear conditions throughout the day.,clear-day,"17068099999,D8508,LTBA,17063099999,17119099999,17061099999,17064099999,17060099999,LTFJ"
istanbul,2024-10-28,17.7,10,13.9,17.7,8.9,13.8,10.7,81.9,0,0,0,,0,0,21.2,11.1,3,1023.6,24.1,10,150.9,13.2,6,,2024-10-28T07:30:37,2024-10-28T18:04:28,0.86,Partially cloudy,Partly cloudy throughout the day.,partly-cloudy-day,"17068099999,D8508,LTBA,17063099999,17119099999,17061099999,17022399999,17064099999,17060099999,LTFJ"
istanbul,2024-10-29,20,11.7,15.5,20,11.7,15.5,11.7,79,0,0,0,,0,0,33.1,18.3,36.9,1023,32.4,10.8,135.4,11.6,5,,2024-10-29T07:31:47,2024-10-29T18:03:10,0.9,Partially cloudy,Partly cloudy throughout the day.,partly-cloudy-day,"17068099999,D8508,LTBA,17063099999,17119099999,17061099999,17064099999,17060099999,LTFJ"
istanbul,2024-10-30,18.5,14.8,16.1,18.5,14.8,16.1,10,68.4,0,0,0,,0,0,33.8,20.9,32.6,1022.4,61.8,10.9,33.1,2.8,2,,2024-10-30T07:32:57,2024-10-30T18:01:53,0.93,Partially cloudy,Partly cloudy throughout the day.,partly-cloudy-day,"D8508,LTBA,17063099999,17119099999,17061099999,17022399999,17064099999,17060099999,LTFJ"
istanbul,2024-10-31,18.4,12,14.9,18.4,12,14.9,9.1,68.7,0,0,0,,0,0,34.6,21,42.1,1022.8,44.1,11,120.9,10.6,7,,2024-10-31T07:34:08,2024-10-31T18:00:38,0.96,Partially cloudy,Partly cloudy throughout the day.,partly-cloudy-day,"D8508,LTBA,17063099999,17119099999,17061099999,17022399999,17064099999,17060099999,LTFJ"
istanbul,2024-11-01,19.6,11.6,15,19.6,11.6,15,10.5,75.4,0,0,0,,0,0,28.8,19.6,51.9,1022.7,41.3,10.7,128.5,11,6,,2024-11-01T07:35:19,2024-11-01T17:59:24,0,Partially cloudy,Partly cloudy throughout the day.,partly-cloudy-day,"D8508,LTBA,17063099999,17119099999,17061099999,17022399999,17064099999,17060099999,LTFJ"
istanbul,2024-11-02,17.9,10.8,14.2,17.9,10.8,14.2,11.5,84.1,0,0,0,,0,0,18.7,10.7,338.3,1018.9,16.9,9.9,127.5,11,5,,2024-11-02T07:36:30,2024-11-02T17:58:12,0.03,Clear,Clear conditions throughout the day.,clear-day,"D8508,LTBA,17063099999,17119099999,17061099999,17064099999,17060099999,LTFJ"
istanbul,2024-11-03,15.2,10.5,13.4,15.2,10.5,13.4,7.8,70.2,0.334,100,8.33,rain,0,0,54.1,32.7,47.5,1025.4,53.9,9.8,59.7,5.1,3,,2024-11-03T07:37:42,2024-11-03T17:57:01,0.06,"Rain, Partially cloudy",Partly cloudy throughout the day with rain in the morning and afternoon.,rain,"D8508,LTBA,17063099999,17119099999,17061099999,17064099999,17060099999,LTFJ"
istanbul,2024-11-04,14.3,8.7,11.3,14.3,7.7,11.1,4.6,63.7,0,0,0,,0,0,31,9.5,9.5,1024.5,52.9,11,96.6,8.4,5,,2024-11-04T07:38:53,2024-11-04T17:55:52,0.1,Partially cloudy,Partly cloudy throughout the day.,partly-cloudy-day,"D8508,LTBA,17063099999,17119099999,17061099999,17022399999,17064099999,17060099999,LTFJ"
istanbul,2024-11-05,15,8.4,11.7,15,8,11.6,4.8,63.3,0.141,100,4.17,rain,0,0,45,26.4,40.1,1028.6,48.2,11,76.1,6.6,7,,2024-11-05T07:40:05,2024-11-05T17:54:44,0.13,"Rain, Partially cloudy",Partly cloudy throughout the day with morning rain.,rain,"D8508,LTBA,17063099999,17119099999,17061099999,17022399999,17064099999,17060099999,LTFJ"
istanbul,2024-11-06,14.7,9.2,11.7,14.7,7.4,11.4,4.2,60.1,0,0,0,,0,0,43.6,28.1,59.7,1030.4,61.8,11,104.7,9.1,4,,2024-11-06T07:41:17,2024-11-06T17:53:37,0.17,Partially cloudy,Partly cloudy throughout the day.,partly-cloudy-day,"D8508,LTBA,17063099999,17119099999,17061099999,17022399999,17064099999,17060099999,LTFJ"
istanbul,2024-11-07,15.8,10.2,13,15.8,10.2,13,7.3,68.8,0,0,0,,0,0,48.6,27.4,54.8,1032.3,57.9,11.5,128.7,11.1,5,,2024-11-07T07:42:29,2024-11-07T17:52:33,0.2,Partially cloudy,Partly cloudy throughout the day.,partly-cloudy-day,"D8508,LTBA,17063099999,17119099999,17061099999,17022399999,17064099999,17060099999,LTFJ"
istanbul,2024-11-08,16.6,10.9,13.9,16.6,10.9,13.9,9.5,75.1,0,0,0,,0,0,41,29.7,48.7,1029.4,32.2,12.3,113.9,9.8,7,,2024-11-08T07:43:41,2024-11-08T17:51:30,0.24,Partially cloudy,Partly cloudy throughout the day.,partly-cloudy-day,"D8508,LTBA,17063099999,17119099999,17061099999,17064099999,17060099999,LTFJ"
istanbul,2024-11-09,16.2,11.4,13.1,16.2,11.4,13.1,9,76.4,0,0,0,,0,0,45,25.9,27.8,1025.8,46.6,14.7,115.7,10,6,,2024-11-09T07:44:53,2024-11-09T17:50:28,0.25,Partially cloudy,Partly cloudy throughout the day.,partly-cloudy-day,"D8508,LTBA,17063099999,17119099999,17061099999,17064099999,17060099999"
istanbul,2024-11-10,12,10.3,11.4,12,10.3,11.4,9.1,86,2.273,100,8.33,rain,0,0,38.2,21.4,8.2,1022.3,72.5,15.2,23.2,2,2,,2024-11-10T07:46:05,2024-11-10T17:49:29,0.31,"Rain, Partially cloudy",Partly cloudy throughout the day with rain in the morning and afternoon.,rain,"D8508,LTBA,17063099999,17119099999,17061099999,17064099999,17060099999"
istanbul,2024-11-11,16.1,11.7,13.4,16.1,11.7,13.4,10.8,84.8,0.086,100,4.17,rain,0,0,30.2,20.3,18,1022.3,83.8,20,62.3,5.5,3,,2024-11-11T07:47:17,2024-11-11T17:48:31,0.34,"Rain, Partially cloudy",Partly cloudy throughout the day with morning rain.,rain,"D8508,LTBA,17063099999,17119099999,17061099999,17064099999,17060099999,LTFJ"
istanbul,2024-11-12,15.9,13.5,14.3,15.9,13.5,14.3,11,80.9,0,0,0,,0,0,33.8,24.9,55.2,1023.6,80.7,19.2,34.3,2.9,2,,2024-11-12T07:48:29,2024-11-12T17:47:35,0.38,Partially cloudy,Partly cloudy throughout the day.,partly-cloudy-day,"D8508,LTBA,17063099999,17119099999,17061099999,17064099999,17060099999"
istanbul,2024-11-13,15.6,11.9,13.5,15.6,11.9,13.5,11.1,85.3,0.626,100,4.17,rain,0,0,30.6,16.1,36.2,1024.1,85.1,15.8,23.6,1.9,1,,2024-11-13T07:49:41,2024-11-13T17:46:41,0.41,"Rain, Partially cloudy",Partly cloudy throughout the day with late afternoon rain.,rain,"D8508,LTBA,17063099999,17119099999,17061099999,17064099999,17060099999"
istanbul,2024-11-14,15.6,12,13.5,15.6,12,13.5,10.8,84,0.079,100,8.33,rain,0,0,27.4,16.3,41.8,1021.3,86.3,17.7,33.6,2.9,2,,2024-11-14T07:50:53,2024-11-14T17:45:48,0.45,"Rain, Partially cloudy",Partly cloudy throughout the day with rain clearing later.,rain,"D8508,LTBA,17063099999,17119099999,17061099999,17064099999,17060099999"
istanbul,2024-11-15,13.1,9.8,12.1,13.1,7,11.9,10.8,92,4.073,100,12.5,rain,0,0,51.8,22.1,9.5,1017,89.4,9.2,47.2,4,2,,2024-11-15T07:52:04,2024-11-15T17:44:58,0.48,"Rain, Partially cloudy",Partly cloudy throughout the day with a chance of rain throughout the day.,rain,"LTBA,17063099999,17119099999,17061099999,17064099999,17060099999"
istanbul,2024-11-16,11.6,9.2,10.5,11.6,6.2,9.3,6.9,78.6,3.107,100,8.33,rain,0,0,53.6,29.6,35,1021.3,88.9,15.7,32.1,2.7,2,,2024-11-16T07:53:15,2024-11-16T17:44:10,0.5,"Rain, Partially cloudy",Partly cloudy throughout the day with rain clearing later.,rain,"LTBA,17063099999,17119099999,17061099999,17064099999,17060099999,LTFJ"
istanbul,2024-11-17,12.7,10.9,11.7,12.7,10.9,11.7,8.1,78.7,0.139,100,12.5,rain,0,0,44.3,28.2,46.1,1015.2,87.4,13.3,0,0,0,,2024-11-17T07:54:26,2024-11-17T17:43:23,0.55,"Rain, Partially cloudy",Partly cloudy throughout the day with rain.,rain,"LTBA,17063099999,17119099999,17061099999,17064099999,17060099999"
istanbul,2024-11-18,13.2,11,12,13.2,11,12,9.1,83.1,0.4,100,16.67,rain,0,0,19.4,14.4,298,1012.8,81.2,10,45.7,3.9,2,,2024-11-18T07:55:37,2024-11-18T17:42:38,0.58,"Rain, Partially cloudy",Partly cloudy throughout the day with rain in the morning and afternoon.,rain,"LTBA,17063099999,17119099999,17061099999,17064099999,17060099999,LTFJ"
istanbul,2024-11-19,15.2,7.4,11.3,15.2,6.3,11.1,6.7,74.1,0,0,0,,0,0,14.8,11.2,281.3,1016.8,35.1,9.6,102.6,8.9,4,,2024-11-19T07:56:48,2024-11-19T17:41:56,0.61,Partially cloudy,Partly cloudy throughout the day.,partly-cloudy-day,"LTBA,LTFJ"
istanbul,2024-11-20,17.2,8.2,13.6,17.2,8.2,13.6,8.6,72.7,0,0,0,,0,0,47.9,27,206.1,1011.1,43.8,8.9,93.3,8.3,4,,2024-11-20T07:57:58,2024-11-20T17:41:15,0.65,Partially cloudy,Becoming cloudy in the afternoon.,partly-cloudy-day,"LTBA,LTFJ"
istanbul,2024-11-21,19,8.7,14.3,19,4.6,13.4,9.2,72.2,19.6,100,37.5,rain,0,0,70.6,42.1,195.3,1005.2,70.9,9.1,55.9,4.8,3,,2024-11-21T07:59:07,2024-11-21T17:40:37,0.68,"Rain, Partially cloudy",Partly cloudy throughout the day with rain.,rain,"LTBA,LTFJ"
istanbul,2024-11-22,19.3,6.5,12.4,19.3,5.5,12,8.2,76.5,10.793,100,8.33,rain,0,0,61.6,23,189,1011.9,37.7,18.9,0,0,0,,2024-11-22T08:00:16,2024-11-22T17:40:01,0.71,"Rain, Partially cloudy",Partly cloudy throughout the day with rain clearing later.,rain,"D8508,LTBA,17063099999,17119099999,17061099999,17064099999,17060099999,LTFJ"
istanbul,2024-11-23,19.7,4.5,10.6,19.7,1.2,9.1,6.1,74.9,29.906,100,12.5,rain,0,0,68.8,28.5,272.8,1014.5,79.2,13.5,9.3,0.8,0,,2024-11-23T08:01:25,2024-11-23T17:39:26,0.75,"Rain, Partially cloudy",Partly cloudy throughout the day with rain.,rain,"D8508,LTBA,17063099999,17119099999,17061099999,17064099999,17060099999,LTFJ"
istanbul,2024-11-24,8.4,3.6,6.1,5.4,0.4,3.4,0.1,66.2,7.416,100,12.5,rain,0,0,53.6,25.3,4,1031.9,63.4,13.8,25.5,2.3,2,,2024-11-24T08:02:33,2024-11-24T17:38:54,0.78,"Rain, Partially cloudy",Partly cloudy throughout the day with a chance of rain throughout the day.,rain,"D8508,LTBA,17063099999,17119099999,17061099999,17064099999,17060099999"
istanbul,2024-11-25,9.3,3.7,6.7,7.2,2.1,5.1,0.7,65.7,0.03,100,4.17,rain,0,0,41,23.9,1.2,1029,65,14.6,36.2,3.1,3,,2024-11-25T08:03:40,2024-11-25T17:38:24,0.81,"Rain, Partially cloudy",Partly cloudy throughout the day with afternoon rain.,rain,"D8508,LTBA,17063099999,17119099999,17061099999,17064099999,17060099999"
istanbul,2024-11-26,10.7,6,8.1,10.7,4.7,7.6,2.3,67.3,0.069,100,8.33,rain,0,0,29.9,10.5,307.1,1024,44,14.4,57.8,4.9,4,,2024-11-26T08:04:46,2024-11-26T17:37:57,0.84,"Rain, Partially cloudy",Partly cloudy throughout the day with rain clearing later.,rain,"D8508,LTBA,17063099999,17119099999,17061099999,17064099999,17060099999"
istanbul,2024-11-27,11.1,8,9.9,11.1,7.1,9.4,5.6,74.9,0.189,100,12.5,rain,0,0,29.2,12.3,220.7,1023.4,87,16.8,25.6,2.3,1,,2024-11-27T08:05:52,2024-11-27T17:37:31,0.87,"Rain, Partially cloudy",Partly cloudy throughout the day with rain.,rain,"D8508,LTBA,17063099999,17119099999,17061099999,17064099999,17060099999,LTFJ"
istanbul,2024-11-28,11.5,9,10.1,11.5,8,9.8,7.8,86.1,0.339,100,4.17,rain,0,0,16.6,10.4,38.4,1026.8,71.5,12.4,24.9,2.1,1,,2024-11-28T08:06:57,2024-11-28T17:37:08,0.91,"Rain, Partially cloudy",Partly cloudy throughout the day with morning rain.,rain,"D8508,LTBA,17063099999,17119099999,17061099999,17064099999,17060099999"
istanbul,2024-11-29,14.5,7.5,11.1,14.5,7.4,11,6.6,74.9,0,0,0,,0,0,20.9,9.8,152.9,1022.9,23.4,12.3,110.2,9.6,4,,2024-11-29T08:08:01,2024-11-29T17:36:47,0.94,Partially cloudy,Partly cloudy throughout the day.,partly-cloudy-day,"D8508,LTBA,17063099999,17119099999,17061099999,17064099999,17060099999"
istanbul,2024-11-30,14.7,10.3,12.1,14.7,10.3,12.1,6.7,70.1,0,0,0,,0,0,35.6,22.5,58.9,1023.6,36.4,16.5,97.3,8.4,4,,2024-11-30T08:09:04,2024-11-30T17:36:28,0.97,Partially cloudy,Partly cloudy throughout the day.,partly-cloudy-day,"D8508,LTBA,17063099999,17119099999,17061099999,17064099999,17060099999"
istanbul,2024-12-01,14,10.5,11.7,14,10.5,11.7,7.1,73.3,0.2,100,4.17,rain,0,0,55.4,40.3,54.1,1022.3,84.6,10.4,41.3,3.6,5,,2024-12-01T08:10:07,2024-12-01T17:36:12,0,"Rain, Partially cloudy",Partly cloudy throughout the day with late afternoon rain.,rain,"D8508,LTBA,17063099999,17119099999,17061099999,17064099999,17060099999,LTFJ"
istanbul,2024-12-02,11.7,9.8,10.7,11.7,7.4,10.4,8.3,85.3,6.032,100,16.67,rain,0,0,41.4,31,58.2,1020.2,88.4,15.6,28.4,2.4,2,,2024-12-02T08:11:08,2024-12-02T17:35:58,0.04,"Rain, Partially cloudy",Partly cloudy throughout the day with a chance of rain throughout the day.,rain,"D8508,LTBA,17063099999,17119099999,17061099999,17064099999,17060099999,LTFJ"
istanbul,2024-12-03,11.2,9.5,10.4,11.2,7.2,9.9,7.9,84.5,2.035,100,12.5,rain,0,0,34.6,21,51.8,1017.4,87.1,14.1,27.2,2.3,1,,2024-12-03T08:12:08,2024-12-03T17:35:46,0.07,"Rain, Partially cloudy",Partly cloudy throughout the day with a chance of rain throughout the day.,rain,"D8508,LTBA,17063099999,17119099999,17061099999,17064099999,17060099999,LTFJ"
istanbul,2024-12-04,10.3,8.8,9.7,10.3,7.2,8.9,8.2,90.6,12.388,100,16.67,rain,0,0,25.6,15.8,17,1019.1,90.3,12.1,16.5,1.4,1,,2024-12-04T08:13:07,2024-12-04T17:35:37,0.11,"Rain, Overcast",Cloudy skies throughout the day with a chance of rain throughout the day.,rain,"D8508,LTBA,17063099999,17119099999,17061099999,17064099999,17060099999,LTFJ"
istanbul,2024-12-05,11.4,9,9.9,11.4,7.4,8.9,7.9,87.7,1.491,100,12.5,rain,0,0,25.6,15.6,18,1024,68.2,13.9,22.7,2,2,,2024-12-05T08:14:04,2024-12-05T17:35:29,0.15,"Rain, Partially cloudy",Partly cloudy throughout the day with a chance of rain throughout the day.,rain,"D8508,LTBA,17063099999,17119099999,17061099999,17064099999,17060099999"
istanbul,2024-12-06,12.9,8.5,10.6,12.9,7.3,9.9,7.6,82.4,0,0,0,,0,0,27.7,12.9,59.2,1021.9,16.5,14.5,83,7.3,4,,2024-12-06T08:15:01,2024-12-06T17:35:25,0.18,Clear,Clear conditions throughout the day.,clear-day,"D8508,LTBA,17063099999,17119099999,17061099999,17064099999,17060099999"
istanbul,2024-12-07,15.8,11.8,13.6,15.8,11.8,13.6,8.2,70.2,0.023,100,4.17,rain,0,0,31.7,13.6,146.9,1015.4,72.8,16.1,63.4,5.6,5,,2024-12-07T08:15:56,2024-12-07T17:35:22,0.22,"Rain, Partially cloudy",Partly cloudy throughout the day with late afternoon rain.,rain,"D8508,LTBA,17063099999,17119099999,17061099999,17064099999,17060099999,LTFJ"
istanbul,2024-12-08,15.1,12.3,13.3,15.1,12.3,13.3,9.3,76.8,1.225,100,12.5,rain,0,0,38.5,16.3,175.3,1011.3,74.5,15.2,78.9,6.7,5,,2024-12-08T08:16:50,2024-12-08T17:35:22,0.25,"Rain, Partially cloudy",Partly cloudy throughout the day with rain.,rain,"D8508,LTBA,17063099999,17119099999,17061099999,17064099999,17060099999"
istanbul,2024-12-09,19.4,12.5,14.7,19.4,12.5,14.7,11.9,83.8,9.712,100,12.5,rain,0,0,46.8,14.2,197.4,1014.7,82.5,14.2,84.8,7.3,4,,2024-12-09T08:17:42,2024-12-09T17:35:24,0.29,"Rain, Partially cloudy",Partly cloudy throughout the day with rain.,rain,"D8508,LTBA,17063099999,17119099999,17061099999,17064099999,17060099999"
istanbul,2024-12-10,17.9,11.2,13.9,17.9,11.2,13.9,11.5,86.1,11.796,100,12.5,rain,0,0,45,18,205.7,1018.1,78.4,11.4,51.3,4.4,4,,2024-12-10T08:18:33,2024-12-10T17:35:28,0.32,"Rain, Partially cloudy",Partly cloudy throughout the day with rain.,rain,"D8508,LTBA,17063099999,17119099999,17061099999,17064099999,17060099999"
istanbul,2024-12-11,10.9,8,9.6,10.9,7.8,8.8,8.4,92,27.743,100,12.5,rain,0,0,41.8,13.7,29,1021.3,88.1,12.4,16.2,1.4,1,,2024-12-11T08:19:22,2024-12-11T17:35:35,0.36,"Rain, Partially cloudy",Partly cloudy throughout the day with a chance of rain throughout the day.,rain,"D8508,LTBA,17063099999,17119099999,17061099999,17064099999,17060099999"
istanbul,2024-12-12,10.1,6.7,8.3,10.1,5.1,7.6,5.7,83.9,0.179,100,8.33,rain,0,0,31.3,14.7,349.9,1024.2,83.3,12.7,40.7,3.5,5,,2024-12-12T08:20:09,2024-12-12T17:35:44,0.39,"Rain, Partially cloudy",Partly cloudy throughout the day with rain in the morning and afternoon.,rain,"D8508,LTBA,17063099999,17119099999,17061099999,17064099999,17060099999"
istanbul,2024-12-13,7.8,6.1,7,7.5,2.6,5.4,4.4,83.4,0.533,100,12.5,rain,0,0,40,23.4,28.1,1030.7,86.5,15.9,40.7,3.5,2,,2024-12-13T08:20:55,2024-12-13T17:35:56,0.43,"Rain, Partially cloudy",Partly cloudy throughout the day with a chance of rain throughout the day.,rain,"D8508,LTBA,17063099999,17119099999,17061099999,17064099999,17060099999"
istanbul,2024-12-14,8.8,3.5,6.4,8.2,1.5,4.8,0.3,65.3,0.043,100,4.17,rain,0,0,30.6,19.4,70.3,1031.3,46.8,14.8,72.9,6.3,5,,2024-12-14T08:21:40,2024-12-14T17:36:10,0.46,"Rain, Partially cloudy",Partly cloudy throughout the day with morning rain.,rain,"D8508,LTBA,17063099999,17119099999,17061099999,17064099999,17060099999"
istanbul,2024-12-15,10.2,7.5,9,10.2,5.8,7.6,6.5,84.8,14.378,100,12.5,rain,0,0,44.6,16.9,230.3,1019.8,77,8.1,18.5,1.7,2,,2024-12-15T08:22:22,2024-12-15T17:36:26,0.5,"Rain, Partially cloudy",Partly cloudy throughout the day with rain.,rain,"17068099999,D8508,LTBA,17063099999,17119099999,17061099999,17064099999,17060099999,LTFJ"
istanbul,2024-12-16,9.3,6.9,7.9,8.6,4.8,6.4,3.6,74.9,5.325,100,12.5,rain,0,0,36,16.1,328.2,1027.8,65.4,18.5,49.8,4.4,5,,2024-12-16T08:23:03,2024-12-16T17:36:44,0.53,"Rain, Partially cloudy",Partly cloudy throughout the day with a chance of rain throughout the day.,rain,"D8508,LTBA,17063099999,17119099999,17061099999,17064099999,17060099999,LTFJ"
istanbul,2024-12-17,11.4,7.1,9.2,11.4,5.5,8.3,4.1,70.6,0,0,0,,0,0,39.2,15.7,222.7,1027.8,4.4,18.5,77.9,6.7,4,,2024-12-17T08:23:42,2024-12-17T17:37:04,0.56,Clear,Clear conditions throughout the day.,clear-day,"D8508,LTBA,17063099999,17119099999,17061099999,17064099999,17060099999"
istanbul,2024-12-18,13,7.8,10.4,13,7.8,10.2,7.7,83.9,0,0,0,,0,0,29.9,15.2,226.8,1025.8,12.7,11.8,69.7,6.1,5,,2024-12-18T08:24:19,2024-12-18T17:37:27,0.6,Clear,Clear conditions throughout the day.,clear-day,"D8508,LTBA,17063099999,17119099999,17061099999,17064099999,17060099999,LTFJ"
istanbul,2024-12-19,13.3,5.6,8.9,13.3,5.6,8.9,6.6,86,0,0,0,,0,0,16.9,9.2,200.2,1019.2,20.7,6.8,78.5,6.8,4,,2024-12-19T08:24:54,2024-12-19T17:37:52,0.63,Partially cloudy,Partly cloudy throughout the day.,partly-cloudy-day,"D8508,LTBA,17063099999,17119099999,17061099999,17022399999,17064099999,17060099999,LTFJ"
istanbul,2024-12-20,15.1,7.3,11.5,15.1,6.7,11.4,6.7,73.2,0,0,0,,0,0,27.4,12.2,197,1011.5,34.9,15.6,88.4,7.6,4,,2024-12-20T08:25:27,2024-12-20T17:38:19,0.66,Partially cloudy,Partly cloudy throughout the day.,partly-cloudy-day,"LTBA,17063099999,17119099999,17061099999,17022399999,17064099999,17060099999,LTFJ"
istanbul,2024-12-21,14.2,10,12.1,14.2,9,12.1,9,81.6,9.218,100,12.5,rain,0,0,40.3,17.1,154.2,1008.7,86.7,16.3,42.2,3.7,5,,2024-12-21T08:25:58,2024-12-21T17:38:48,0.69,"Rain, Partially cloudy",Partly cloudy throughout the day with rain.,rain,"D8508,LTBA,17063099999,17119099999,17061099999,17064099999,17060099999,LTFJ"
istanbul,2024-12-22,9.2,5.6,6.9,8,2.9,5.8,5.1,87.9,10.66,100,12.5,rain,0,0,40.7,15.2,315,1015,83.3,14.1,18.3,1.5,1,,2024-12-22T08:26:27,2024-12-22T17:39:19,0.72,"Rain, Partially cloudy",Partly cloudy throughout the day with a chance of rain throughout the day.,rain,"D8508,LTBA,17063099999,17119099999,17061099999,17064099999,17060099999"
istanbul,2024-12-23,13.4,7,9.6,13.4,5.9,9.3,5.9,78.4,0.043,100,4.17,rain,0,0,23.8,10,151.6,1008.8,52.8,14.3,82.7,7.2,4,,2024-12-23T08:26:54,2024-12-23T17:39:53,0.75,"Rain, Partially cloudy",Partly cloudy throughout the day with morning rain.,rain,"D8508,LTBA,17063099999,17119099999,17061099999,17064099999,17060099999"
istanbul,2024-12-24,12.6,10.5,11.7,12.6,10.5,11.7,8,78.7,3.561,100,12.5,rain,0,0,39.6,11.3,89.6,1004.7,85.5,16.2,20.4,1.9,1,,2024-12-24T08:27:19,2024-12-24T17:40:28,0.79,"Rain, Partially cloudy",Partly cloudy throughout the day with rain.,rain,"D8508,LTBA,17063099999,17119099999,17061099999,17064099999,17060099999"
istanbul,2024-12-25,14.4,10.7,12.2,14.4,10.7,12.2,9.8,85.6,2.145,100,8.33,rain,0,0,28.1,19.8,31.2,1009.8,86.3,11.3,39.7,3.5,3,,2024-12-25T08:27:42,2024-12-25T17:41:05,0.82,"Rain, Partially cloudy",Partly cloudy throughout the day with rain clearing later.,rain,"17068099999,D8508,LTBA,17063099999,17119099999,17061099999,remote,17064099999,17060099999,LTFJ"
istanbul,2024-12-26,12.8,9.5,11,12.8,5.8,10,9.4,89.9,1.587,100,12.5,rain,0,0,57.6,33.7,36.6,1017.7,80.5,11.9,22.9,1.9,1,,2024-12-26T08:28:02,2024-12-26T17:41:45,0.85,"Rain, Partially cloudy",Partly cloudy throughout the day with rain.,rain,"17068099999,D8508,LTBA,17119099999,17063099999,17061099999,17022399999,17064099999,17060099999,LTFJ"
istanbul,2024-12-27,8.8,4.5,6.5,4.9,1,2.8,4.8,88.9,11.041,100,16.67,rain,0,0,59.4,35.5,24.8,1022.6,89.4,10.7,13.8,1,1,,2024-12-27T08:28:21,2024-12-27T17:42:26,0.89,"Rain, Partially cloudy",Partly cloudy throughout the day with a chance of rain throughout the day.,rain,"D8508,LTBA,17063099999,17119099999,17061099999,17064099999,17060099999"
istanbul,2024-12-28,8.5,5.2,6.9,4.8,2.3,3.3,5,87.6,2.565,100,16.67,rain,0,0,54,32,29.2,1022,87.8,14.4,17.1,1.5,1,,2024-12-28T08:28:37,2024-12-28T17:43:09,0.92,"Rain, Partially cloudy",Partly cloudy throughout the day with a chance of rain throughout the day.,rain,"D8508,LTBA,17063099999,17119099999,17061099999,17064099999,17060099999"
istanbul,2024-12-29,8.1,6.9,7.5,4.7,3.1,3.9,5.5,87,1.013,100,16.67,rain,0,0,51.5,30.1,24.6,1024.4,88.7,16.1,16.6,1.4,1,,2024-12-29T08:28:51,2024-12-29T17:43:54,0.95,"Rain, Partially cloudy",Partly cloudy throughout the day with a chance of rain throughout the day.,rain,"D8508,LTBA,17063099999,17119099999,17061099999,17064099999,17060099999"
istanbul,2024-12-30,7.4,5.6,6.5,5.1,2.7,3.9,4.4,86.7,0.48,100,12.5,rain,0,0,41,19.9,18.4,1027.4,75.8,15.9,24.3,2.1,1,,2024-12-30T08:29:03,2024-12-30T17:44:41,0.98,"Rain, Partially cloudy",Partly cloudy throughout the day with a chance of rain throughout the day.,rain,"D8508,LTBA,17063099999,17119099999,17061099999,17064099999,17060099999"
istanbul,2024-12-31,9.8,4.4,6.8,9.3,2.9,6.2,4.5,85.9,0,0,0,,0,0,21.2,9,6.1,1031.2,34.9,15,33.6,3.1,3,,2024-12-31T08:29:12,2024-12-31T17:45:29,0,Partially cloudy,Partly cloudy throughout the day.,partly-cloudy-day,"D8508,LTBA,17063099999,17119099999,17061099999,17064099999,17060099999,LTFJ"
